{
    "name": "root",
    "gauges": {
        "FighterAIAgent.Policy.Entropy.mean": {
            "value": 4.867802619934082,
            "min": 3.228315591812134,
            "max": 4.996358871459961,
            "count": 70
        },
        "FighterAIAgent.Environment.EpisodeLength.mean": {
            "value": 42.71052631578947,
            "min": 32.479729729729726,
            "max": 215.9787234042553,
            "count": 70
        },
        "FighterAIAgent.Self-play.ELO.mean": {
            "value": 632.1955237165749,
            "min": 632.1955237165749,
            "max": 1203.269167637928,
            "count": 70
        },
        "FighterAIAgent.Policy.ExtrinsicValueEstimate.mean": {
            "value": -0.48276036977767944,
            "min": -0.48276036977767944,
            "max": 26.33367919921875,
            "count": 70
        },
        "FighterAIAgent.Policy.CuriosityValueEstimate.mean": {
            "value": 1.751528263092041,
            "min": 1.751528263092041,
            "max": 18.597856521606445,
            "count": 70
        },
        "FighterAIAgent.Environment.CumulativeReward.mean": {
            "value": -0.5394524017700174,
            "min": -0.6808251006510652,
            "max": 0.2577150517189112,
            "count": 70
        },
        "FighterAIAgent.Policy.ExtrinsicReward.mean": {
            "value": -0.5394524017700174,
            "min": -0.6808251006510652,
            "max": 0.2577150517189112,
            "count": 70
        },
        "FighterAIAgent.Policy.CuriosityReward.mean": {
            "value": 0.11961135456109778,
            "min": 0.0,
            "max": 131.2840072210733,
            "count": 70
        },
        "FighterAIAgent.IsTraining.mean": {
            "value": 1.0,
            "min": 1.0,
            "max": 1.0,
            "count": 70
        },
        "FighterAIAgent.Losses.PolicyLoss.mean": {
            "value": 0.022123315525241195,
            "min": 0.01600936969378381,
            "max": 0.02988681790418923,
            "count": 67
        },
        "FighterAIAgent.Losses.ValueLoss.mean": {
            "value": 0.06485409669578075,
            "min": 0.014480660557746888,
            "max": 134.33150665283202,
            "count": 67
        },
        "FighterAIAgent.Policy.LearningRate.mean": {
            "value": 0.0004654740069051999,
            "min": 0.0004654740069051999,
            "max": 0.00049948665010267,
            "count": 67
        },
        "FighterAIAgent.Policy.Epsilon.mean": {
            "value": 0.19309480000000004,
            "min": 0.19309480000000004,
            "max": 0.19989733000000004,
            "count": 67
        },
        "FighterAIAgent.Policy.Beta.mean": {
            "value": 0.00465543052,
            "min": 0.00465543052,
            "max": 0.004994876767,
            "count": 67
        },
        "FighterAIAgent.Losses.CuriosityForwardLoss.mean": {
            "value": 0.20431900680065154,
            "min": 0.14061552822589873,
            "max": 5066.569075317383,
            "count": 67
        },
        "FighterAIAgent.Losses.CuriosityInverseLoss.mean": {
            "value": 5.557593069076538,
            "min": 3.073702540397644,
            "max": 49.5680762386322,
            "count": 67
        }
    },
    "metadata": {
        "timer_format_version": "0.1.0",
        "start_time_seconds": "1614933535",
        "python_version": "3.7.9 (tags/v3.7.9:13c94747c7, Aug 17 2020, 18:58:18) [MSC v.1900 64 bit (AMD64)]",
        "command_line_arguments": "C:\\Users\\IesaW\\Fighter\\venv\\Scripts\\mlagents-learn config\\FighterAI.yaml --run-id=TestParamsDay2 --force",
        "mlagents_version": "0.23.0",
        "mlagents_envs_version": "0.23.0",
        "communication_protocol_version": "1.3.0",
        "pytorch_version": "1.7.0+cu110",
        "numpy_version": "1.18.5",
        "end_time_seconds": "1614936220"
    },
    "total": 2684.5243261,
    "count": 1,
    "self": 0.006875599999602855,
    "children": {
        "run_training.setup": {
            "total": 0.00806119999999999,
            "count": 1,
            "self": 0.00806119999999999
        },
        "TrainerController.start_learning": {
            "total": 2684.5093893000003,
            "count": 1,
            "self": 2.6865542999953504,
            "children": {
                "TrainerController._reset_env": {
                    "total": 7.689910399999738,
                    "count": 8,
                    "self": 7.689910399999738
                },
                "TrainerController.advance": {
                    "total": 2673.950765000005,
                    "count": 87997,
                    "self": 1.2776685999924666,
                    "children": {
                        "env_step": {
                            "total": 2672.6730964000126,
                            "count": 87997,
                            "self": 1094.3616308001008,
                            "children": {
                                "SubprocessEnvManager._take_step": {
                                    "total": 1576.925478099937,
                                    "count": 87997,
                                    "self": 11.362575699943818,
                                    "children": {
                                        "TorchPolicy.evaluate": {
                                            "total": 1565.5629023999932,
                                            "count": 158464,
                                            "self": 181.66313139995577,
                                            "children": {
                                                "TorchPolicy.sample_actions": {
                                                    "total": 1383.8997710000374,
                                                    "count": 158464,
                                                    "self": 1383.8997710000374
                                                }
                                            }
                                        }
                                    }
                                },
                                "workers": {
                                    "total": 1.3859874999748971,
                                    "count": 87996,
                                    "self": 0.0,
                                    "children": {
                                        "worker_root": {
                                            "total": 2675.223627000091,
                                            "count": 87996,
                                            "is_parallel": true,
                                            "self": 1772.2629417000521,
                                            "children": {
                                                "steps_from_proto": {
                                                    "total": 0.010802999999611096,
                                                    "count": 16,
                                                    "is_parallel": true,
                                                    "self": 0.002547599999191519,
                                                    "children": {
                                                        "_process_vector_observation": {
                                                            "total": 0.008255400000419577,
                                                            "count": 32,
                                                            "is_parallel": true,
                                                            "self": 0.008255400000419577
                                                        }
                                                    }
                                                },
                                                "UnityEnvironment.step": {
                                                    "total": 902.949882300039,