{
    "name": "root",
    "gauges": {
        "FighterAIAgent.Policy.Entropy.mean": {
            "value": 5.5745344161987305,
            "min": 5.574474811553955,
            "max": 5.5745391845703125,
            "count": 5
        },
        "FighterAIAgent.Policy.Entropy.sum": {
            "value": 110353.484375,
            "min": 89592.9609375,
            "max": 199945.78125,
            "count": 5
        },
        "FighterAIAgent.Environment.EpisodeLength.mean": {
            "value": 144.18705035971223,
            "min": 98.87128712871286,
            "max": 167.4406779661017,
            "count": 5
        },
        "FighterAIAgent.Environment.EpisodeLength.sum": {
            "value": 20042.0,
            "min": 19546.0,
            "max": 20048.0,
            "count": 5
        },
        "FighterAIAgent.Self-play.ELO.mean": {
            "value": 1163.3788434938465,
            "min": 1163.3788434938465,
            "max": 1189.3220746247043,
            "count": 5
        },
        "FighterAIAgent.Self-play.ELO.sum": {
            "value": 80273.14020107541,
            "min": 69710.26469781843,
            "max": 120121.52953709514,
            "count": 5
        },
        "FighterAIAgent.Policy.ExtrinsicValueEstimate.mean": {
            "value": -0.6818865537643433,
            "min": -0.754680871963501,
            "max": -0.6626121401786804,
            "count": 5
        },
        "FighterAIAgent.Policy.ExtrinsicValueEstimate.sum": {
            "value": -47.0501708984375,
            "min": -73.5458755493164,
            "max": -39.75672912597656,
            "count": 5
        },
        "FighterAIAgent.Policy.CuriosityValueEstimate.mean": {
            "value": -0.2660660445690155,
            "min": -0.28949061036109924,
            "max": -0.22865056991577148,
            "count": 5
        },
        "FighterAIAgent.Policy.CuriosityValueEstimate.sum": {
            "value": -18.358556747436523,
            "min": -22.63640594482422,
            "max": -15.961224555969238,
            "count": 5
        },
        "FighterAIAgent.Environment.CumulativeReward.mean": {
            "value": -0.44984974493475066,
            "min": -0.6301000018759321,
            "max": -0.42646954032695955,
            "count": 5
        },
        "FighterAIAgent.Environment.CumulativeReward.sum": {
            "value": -31.039632400497794,
            "min": -42.220484492368996,
            "max": -31.039632400497794,
            "count": 5
        },
        "FighterAIAgent.Policy.ExtrinsicReward.mean": {
            "value": -0.44984974493475066,
            "min": -0.6301000018759321,
            "max": -0.42646954032695955,
            "count": 5
        },
        "FighterAIAgent.Policy.ExtrinsicReward.sum": {
            "value": -31.039632400497794,
            "min": -42.220484492368996,
            "max": -31.039632400497794,
            "count": 5
        },
        "FighterAIAgent.Policy.CuriosityReward.mean": {
            "value": 0.0,
            "min": 0.0,
            "max": 0.0,
            "count": 5
        },
        "FighterAIAgent.Policy.CuriosityReward.sum": {
            "value": 0.0,
            "min": 0.0,
            "max": 0.0,
            "count": 5
        },
        "FighterAIAgent.IsTraining.mean": {
            "value": 1.0,
            "min": 1.0,
            "max": 1.0,
            "count": 5
        },
        "FighterAIAgent.IsTraining.sum": {
            "value": 1.0,
            "min": 1.0,
            "max": 1.0,
            "count": 5
        }
    },
    "metadata": {
        "timer_format_version": "0.1.0",
        "start_time_seconds": "1615887811",
        "python_version": "3.7.9 (tags/v3.7.9:13c94747c7, Aug 17 2020, 18:58:18) [MSC v.1900 64 bit (AMD64)]",
        "command_line_arguments": "C:\\Users\\IesaW\\Fighter\\venv\\Scripts\\mlagents-learn config\\FighterAI.yaml --run-id=110hiddenlayers",
        "mlagents_version": "0.24.0",
        "mlagents_envs_version": "0.24.0",
        "communication_protocol_version": "1.4.0",
        "pytorch_version": "1.7.1+cu110",
        "numpy_version": "1.20.1",
        "end_time_seconds": "1615887950"
    },
    "total": 138.85467500000001,
    "count": 1,
    "self": 0.007645700000011857,
    "children": {
        "run_training.setup": {
            "total": 0.4777655999999997,
            "count": 1,
            "self": 0.4777655999999997
        },
        "TrainerController.start_learning": {
            "total": 138.3692637,
            "count": 1,
            "self": 0.4679945000002306,
            "children": {
                "TrainerController._reset_env": {
                    "total": 14.4320343,
                    "count": 1,
                    "self": 14.4320343
                },
                "TrainerController.advance": {
                    "total": 123.20843169999976,
                    "count": 1608,
                    "self": 0.029677299999846696,
                    "children": {
                        "env_step": {
                            "total": 123.17875439999992,
                            "count": 1608,
                            "self": 89.75609079999992,
                            "children": {
                                "SubprocessEnvManager._take_step": {
                                    "total": 33.39547989999993,
                                    "count": 1608,
                                    "self": 0.4004735999997493,
                                    "children": {
                                        "TorchPolicy.evaluate": {
                                            "total": 32.99500630000018,
                                            "count": 2614,
                                            "self": 3.6821452000000363,
                                            "children": {
                                                "TorchPolicy.sample_actions": {
                                                    "total": 29.31286110000014,
                                                    "count": 2614,
                                                    "self": 29.31286110000014
                                                }
                                            }
                                        }
                                    }
                                },
                                "workers": {
                                    "total": 0.02718370000006587,
                                    "count": 1608,
                                    "self": 0.0,
                                    "children": {
                                        "worker_root": {
                                            "total": 91.08336509999997,
                                            "count": 1608,
                                            "is_parallel": true,
                                            "self": 45.747942500000164,
                                            "children": {
                                                "steps_from_proto": {
                                                    "total": 0.003182200000001245,
                                                    "count": 2,
                                                    "is_parallel": true,
                                                    "self": 0.000627300000003217,
                                                    "children": {
                                                        "_process_vector_observation": {
                                                            "total": 0.002554899999998028,
                                                            "count": 4,
                                                            "is_parallel": true,