{
    "name": "root",
    "metadata": {
        "timer_format_version": "0.1.0",
        "start_time_seconds": "1614855498",
        "python_version": "3.7.9 (tags/v3.7.9:13c94747c7, Aug 17 2020, 18:58:18) [MSC v.1900 64 bit (AMD64)]",
        "command_line_arguments": "C:\\Users\\IesaW\\Fighter\\venv\\Scripts\\mlagents-learn config\\FighterAI.yaml --initialize-from=TestParams --run-id TestParams2 --force",
        "mlagents_version": "0.23.0",
        "mlagents_envs_version": "0.23.0",
        "communication_protocol_version": "1.3.0",
        "pytorch_version": "1.7.0+cu110",
        "numpy_version": "1.18.5",
        "end_time_seconds": "1614855524"
    },
    "total": 26.4122436,
    "count": 1,
    "self": 0.006321300000003305,
    "children": {
        "run_training.setup": {
            "total": 0.008504599999999973,
            "count": 1,
            "self": 0.008504599999999973
        },
        "TrainerController.start_learning": {
            "total": 26.3974177,
            "count": 1,
            "self": 0.011676899999994106,
            "children": {
                "TrainerController._reset_env": {
                    "total": 19.1334782,
                    "count": 1,
                    "self": 19.1334782
                },
                "TrainerController.advance": {
                    "total": 7.011926300000006,
                    "count": 204,
                    "self": 0.0030413000000137913,
                    "children": {
                        "env_step": {
                            "total": 7.008884999999992,
                            "count": 204,
                            "self": 3.2056639000000295,
                            "children": {
                                "SubprocessEnvManager._take_step": {
                                    "total": 3.8003539999999667,
                                    "count": 204,
                                    "self": 0.02778079999997729,
                                    "children": {
                                        "TorchPolicy.evaluate": {
                                            "total": 3.7725731999999894,
                                            "count": 402,
                                            "self": 0.4107318999999876,
                                            "children": {
                                                "TorchPolicy.sample_actions": {
                                                    "total": 3.361841300000002,
                                                    "count": 402,
                                                    "self": 3.361841300000002
                                                }
                                            }
                                        }
                                    }
                                },
                                "workers": {
                                    "total": 0.0028670999999960145,
                                    "count": 203,
                                    "self": 0.0,
                                    "children": {
                                        "worker_root": {
                                            "total": 8.446985899999987,
                                            "count": 203,
                                            "is_parallel": true,
                                            "self": 5.626239899999998,
                                            "children": {
                                                "steps_from_proto": {
                                                    "total": 0.0013194000000034123,
                                                    "count": 2,
                                                    "is_parallel": true,
                                                    "self": 0.0003278000000044301,
                                                    "children": {
                                                        "_process_vector_observation": {
                                                            "total": 0.0009915999999989822,
                                                            "count": 4,
                                                            "is_parallel": true,
                                                            "self": 0.0009915999999989822
                                                        }
                                                    }
                                                },
                                                "UnityEnvironment.step": {
                                                    "total": 2.8194265999999857,
                                                    "count": 203,
                                                    "is_parallel": true,
                                                    "self": 0.05125329999995287,
                                                    "children": {
                                                        "UnityEnvironment._generate_step_input": {
                                                            "total": 0.07977240000000663,
                                                            "count": 203,
                                                            "is_parallel": true,
                                                            "self": 0.07977240000000663
                                                        },
                                                        "communicator.exchange": {
                                                            "total": 2.4310085000000043,
                                                            "count": 203,
                                                            "is_parallel": true,
                                                            "self": 2.4310085000000043
                                                        },
                                                        "steps_from_proto": {
                                                            "total": 0.25739240000002184,
                                                            "count": 406,
                                                            "is_parallel": true,
                                                            "self": 0.06244320000003256,
                                                            "children": {
                                                                "_process_vector_observation": {
                                                                    "total": 0.19494919999998928,
                                                                    "count": 812,
                                                                    "is_parallel": true,
                                                                    "self": 0.19494919999998928
                                                                }
                                                            }
                                                        }
                                                    }
                                                }
                                            }
                                        }
                                    }
                                }
                            }
                        }
                    }
                },
                "trainer_threads": {
                    "total": 2.2300000001251874e-05,
                    "count": 1,
                    "self": 2.2300000001251874e-05,
                    "children": {
                        "thread_root": {
                            "total": 0.0,
                            "count": 0,
                            "is_parallel": true,
                            "self": 0.0,