{"count":1,"self":33.5828416,"total":366.9505938,"children":{"InitializeActuators":{"count":2,"self":0.0020008,"total":0.0020008,"children":null},"InitializeSensors":{"count":2,"self":0.0010003,"total":0.0010003,"children":null},"AgentSendState":{"count":53584,"self":1.1970946999999998,"total":3.5873792,"children":{"CollectObservations":{"count":21434,"self":0.5111403,"total":0.5111403,"children":null},"WriteActionMask":{"count":21434,"self":0.18406209999999998,"total":0.18406209999999998,"children":null},"RequestDecision":{"count":21434,"self":0.47692759999999995,"total":1.6950820999999998,"children":{"AgentInfo.ToProto":{"count":21434,"self":0.4421227,"total":1.2181545,"children":{"GenerateSensorData":{"count":21434,"self":0.77603179999999994,"total":0.77603179999999994,"children":null}}}}}}},"DecideAction":{"count":53584,"self":329.0953216,"total":329.095334,"children":null},"AgentAct":{"count":53584,"self":0.67403799999999991,"total":0.67403799999999991,"children":null},"AgentInfo.ToProto":{"count":110,"self":0.0040011,"total":0.0070003,"children":{"GenerateSensorData":{"count":110,"self":0.0029992,"total":0.0029992,"children":null}}}},"gauges":{"FighterAIAgent.CumulativeReward":{"count":110,"max":1.00101113,"min":-2.02870131,"runningAverage":-0.6255327,"value":-1.02010334,"weightedAverage":-0.564125657}},"metadata":{"timer_format_version":"0.1.0","start_time_seconds":"1614681971","unity_version":"2019.4.12f1","command_line_arguments":"C:\\Program Files\\Unity\\Hub\\Editor\\2019.4.12f1\\Editor\\Unity.exe -projectpath C:\/Users\/IesaW\/Fighter -useHub -hubIPC -cloudEnvironment production -hubSessionId a993fee0-7b2f-11eb-a059-27a162ea57d5 -accessToken -2X3pDcK6KC_qFh7Z-QnMk5K-uGnMFoK0o3pyys9opM011f","communication_protocol_version":"1.4.0","com.unity.ml-agents_version":"1.8.0-preview","scene_name":"FightScene","end_time_seconds":"1614682338"}}