{"count":1,"self":48.558988799999995,"total":48.694008499999995,"children":{"AgentSendState":{"count":2184,"self":0.059009799999999994,"total":0.073013399999999992,"children":{"CollectObservations":{"count":437,"self":0.0070015999999999993,"total":0.0070015999999999993,"children":null},"CollectDiscreteActionMasks":{"count":437,"self":0.0070019999999999995,"total":0.0070019999999999995,"children":null}}},"DecideAction":{"count":2184,"self":0.024999999999999998,"total":0.024999999999999998,"children":null},"AgentAct":{"count":2184,"self":0.0360063,"total":0.0360063,"children":null}},"gauges":{"FighterAIAgent.CumulativeReward":{"count":9,"max":1,"min":-1,"runningAverage":0.333333343,"value":1,"weightedAverage":0.349609375}},"metadata":{"timer_format_version":"0.1.0","start_time_seconds":"1614330816","unity_version":"2019.4.12f1","command_line_arguments":"C:\\Program Files\\Unity\\Hub\\Editor\\2019.4.12f1\\Editor\\Unity.exe -projectpath C:\/Users\/IesaW\/Fighter -useHub -hubIPC -cloudEnvironment production -hubSessionId 130f69d0-780c-11eb-acd4-e5721f4f1ad4 -accessToken VKaZTHWuRTDEe79O4QZDYyT20YBLjxMfz24IJ863IYI011f","communication_protocol_version":"1.0.0","com.unity.ml-agents_version":"1.0.6","scene_name":"FightScene","end_time_seconds":"1614330864"}}