{
    "name": "root",
    "metadata": {
        "timer_format_version": "0.1.0",
        "start_time_seconds": "1614942280",
        "python_version": "3.7.9 (tags/v3.7.9:13c94747c7, Aug 17 2020, 18:58:18) [MSC v.1900 64 bit (AMD64)]",
        "command_line_arguments": "C:\\Users\\IesaW\\Fighter\\venv\\Scripts\\mlagents-learn config\\FighterAI.yaml --run-id=MoveToGoal --force",
        "mlagents_version": "0.23.0",
        "mlagents_envs_version": "0.23.0",
        "communication_protocol_version": "1.3.0",
        "pytorch_version": "1.7.0+cu110",
        "numpy_version": "1.18.5",
        "end_time_seconds": "1614942483"
    },
    "total": 202.9508334,
    "count": 1,
    "self": 0.007784399999991365,
    "children": {
        "run_training.setup": {
            "total": 0.008958699999999986,
            "count": 1,
            "self": 0.008958699999999986
        },
        "TrainerController.start_learning": {
            "total": 202.9340903,
            "count": 1,
            "self": 0.2379853999999284,
            "children": {
                "TrainerController._reset_env": {
                    "total": 13.562079,
                    "count": 1,
                    "self": 13.562079
                },
                "TrainerController.advance": {
                    "total": 188.79137360000007,
                    "count": 7428,
                    "self": 0.10766919999983315,
                    "children": {
                        "env_step": {
                            "total": 188.68370440000024,
                            "count": 7428,
                            "self": 61.37855259999917,
                            "children": {
                                "SubprocessEnvManager._take_step": {
                                    "total": 127.19224910000008,
                                    "count": 7428,
                                    "self": 1.0577076999980477,
                                    "children": {
                                        "TorchPolicy.evaluate": {
                                            "total": 126.13454140000204,
                                            "count": 14014,
                                            "self": 14.634306700005098,
                                            "children": {
                                                "TorchPolicy.sample_actions": {
                                                    "total": 111.50023469999694,
                                                    "count": 14014,
                                                    "self": 111.50023469999694
                                                }
                                            }
                                        }
                                    }
                                },
                                "workers": {
                                    "total": 0.11290270000098168,
                                    "count": 7427,
                                    "self": 0.0,
                                    "children": {
                                        "worker_root": {
                                            "total": 190.2230082999987,
                                            "count": 7427,
                                            "is_parallel": true,
                                            "self": 139.13210819999844,
                                            "children": {
                                                "steps_from_proto": {
                                                    "total": 0.0006234000000002737,
                                                    "count": 2,
                                                    "is_parallel": true,
                                                    "self": 0.0003056000000007941,
                                                    "children": {
                                                        "_process_vector_observation": {
                                                            "total": 0.0003177999999994796,
                                                            "count": 4,
                                                            "is_parallel": true,
                                                            "self": 0.0003177999999994796
                                                        }
                                                    }
                                                },
                                                "UnityEnvironment.step": {
                                                    "total": 51.09027670000026,
                                                    "count": 7427,
                                                    "is_parallel": true,
                                                    "self": 0.9002181000016094,
                                                    "children": {
                                                        "UnityEnvironment._generate_step_input": {
                                                            "total": 0.8366514999997108,
                                                            "count": 7427,
                                                            "is_parallel": true,
                                                            "self": 0.8366514999997108
                                                        },
                                                        "communicator.exchange": {
                                                            "total": 45.59543050000062,
                                                            "count": 7427,
                                                            "is_parallel": true,
                                                            "self": 45.59543050000062
                                                        },
                                                        "steps_from_proto": {
                                                            "total": 3.757976599998324,
                                                            "count": 14854,
                                                            "is_parallel": true,
                                                            "self": 1.9425617999963851,
                                                            "children": {
                                                                "_process_vector_observation": {
                                                                    "total": 1.815414800001939,
                                                                    "count": 29708,
                                                                    "is_parallel": true,
                                                                    "self": 1.815414800001939
                                                                }
                                                            }
                                                        }
                                                    }
                                                }
                                            }
                                        }
                                    }
                                }
                            }
                        }
                    }
                },
                "trainer_threads": {
                    "total": 2.029999998853782e-05,
                    "count": 1,
                    "self": 2.029999998853782e-05,
                    "children": {
                        "thread_root": {
                            "total": 0.0,
                            "count": 0,
                            "is_parallel": true,
                            "self": 0.0,
                            "children": {
                                "trainer_advance": {
                                    "total": 188.79044459999923,