{
    "name": "root",
    "metadata": {
        "timer_format_version": "0.1.0",
        "start_time_seconds": "1614597947",
        "python_version": "3.7.9 (tags/v3.7.9:13c94747c7, Aug 17 2020, 18:58:18) [MSC v.1900 64 bit (AMD64)]",
        "command_line_arguments": "C:\\Users\\IesaW\\Fighter\\venv\\Scripts\\mlagents-learn config/FighterAI.yaml --run-id=TestParameters --force",
        "mlagents_version": "0.23.0",
        "mlagents_envs_version": "0.23.0",
        "communication_protocol_version": "1.3.0",
        "pytorch_version": "1.7.0+cu110",
        "numpy_version": "1.18.5",
        "end_time_seconds": "1614598005"
    },
    "total": 58.337907699999995,
    "count": 1,
    "self": 0.0072576999999895975,
    "children": {
        "run_training.setup": {
            "total": 0.008794599999999875,
            "count": 1,
            "self": 0.008794599999999875
        },
        "TrainerController.start_learning": {
            "total": 58.321855400000004,
            "count": 1,
            "self": 0.1318880999999763,
            "children": {
                "TrainerController._reset_env": {
                    "total": 8.5483218,
                    "count": 1,
                    "self": 8.5483218
                },
                "TrainerController.advance": {
                    "total": 49.49050940000002,
                    "count": 3967,
                    "self": 0.055446500000172705,
                    "children": {
                        "env_step": {
                            "total": 49.43506289999985,
                            "count": 3967,
                            "self": 28.437965099999545,
                            "children": {
                                "SubprocessEnvManager._take_step": {
                                    "total": 20.941480200000044,
                                    "count": 3967,
                                    "self": 0.49392790000050013,
                                    "children": {
                                        "TorchPolicy.evaluate": {
                                            "total": 20.447552299999543,
                                            "count": 7814,
                                            "self": 4.653780099999398,
                                            "children": {
                                                "TorchPolicy.sample_actions": {
                                                    "total": 15.793772200000145,
                                                    "count": 7814,
                                                    "self": 15.793772200000145
                                                }
                                            }
                                        }
                                    }
                                },
                                "workers": {
                                    "total": 0.055617600000260836,
                                    "count": 3966,
                                    "self": 0.0,
                                    "children": {
                                        "worker_root": {
                                            "total": 51.138533200000076,
                                            "count": 3966,
                                            "is_parallel": true,
                                            "self": 27.393698400000037,
                                            "children": {
                                                "steps_from_proto": {
                                                    "total": 0.0010333000000004589,
                                                    "count": 2,
                                                    "is_parallel": true,
                                                    "self": 0.0003739000000004822,
                                                    "children": {
                                                        "_process_vector_observation": {
                                                            "total": 0.0006593999999999767,
                                                            "count": 4,
                                                            "is_parallel": true,
                                                            "self": 0.0006593999999999767
                                                        }
                                                    }
                                                },
                                                "UnityEnvironment.step": {
                                                    "total": 23.74380150000004,
                                                    "count": 3966,
                                                    "is_parallel": true,
                                                    "self": 0.4456548999996244,
                                                    "children": {
                                                        "UnityEnvironment._generate_step_input": {
                                                            "total": 0.39241069999995304,
                                                            "count": 3966,
                                                            "is_parallel": true,
                                                            "self": 0.39241069999995304
                                                        },
                                                        "communicator.exchange": {
                                                            "total": 21.50281890000013,
                                                            "count": 3966,
                                                            "is_parallel": true,
                                                            "self": 21.50281890000013
                                                        },
                                                        "steps_from_proto": {
                                                            "total": 1.4029170000003344,
                                                            "count": 7932,
                                                            "is_parallel": true,
                                                            "self": 0.5145390999997499,
                                                            "children": {
                                                                "_process_vector_observation": {
                                                                    "total": 0.8883779000005845,
                                                                    "count": 15864,
                                                                    "is_parallel": true,
                                                                    "self": 0.8883779000005845
                                                                }
                                                            }
                                                        }
                                                    }
                                                }
                                            }
                                        }
                                    }
                                }
                            }
                        }
                    }
                },
                "trainer_threads": {
                    "total": 1.5600000004667436e-05,
                    "count": 1,
                    "self": 1.5600000004667436e-05,
                    "children": {
                        "thread_root": {
                            "total": 0.0,
                            "count": 0,
                            "is_parallel": true,
                            "self": 0.0,
                            "children": {
                                "trainer_advance": {
                                    "total": 49.58021539999987,