{
    "name": "root",
    "gauges": {
        "FighterAIAgent.Policy.Entropy.mean": {
            "value": 4.849555969238281,
            "min": 4.849555969238281,
            "max": 4.849555969238281,
            "count": 1
        },
        "FighterAIAgent.Policy.ExtrinsicValueEstimate.mean": {
            "value": 1.1733999252319336,
            "min": 1.1733999252319336,
            "max": 1.1733999252319336,
            "count": 1
        },
        "FighterAIAgent.Policy.CuriosityValueEstimate.mean": {
            "value": -0.5097041130065918,
            "min": -0.5097041130065918,
            "max": -0.5097041130065918,
            "count": 1
        },
        "FighterAIAgent.Environment.EpisodeLength.mean": {
            "value": 161.75,
            "min": 161.75,
            "max": 161.75,
            "count": 1
        },
        "FighterAIAgent.Self-play.ELO.mean": {
            "value": 1198.63431834716,
            "min": 1198.63431834716,
            "max": 1198.63431834716,
            "count": 1
        },
        "FighterAIAgent.Environment.CumulativeReward.mean": {
            "value": -0.5023749999236315,
            "min": -0.5023749999236315,
            "max": -0.5023749999236315,
            "count": 1
        },
        "FighterAIAgent.Policy.ExtrinsicReward.mean": {
            "value": -0.5023749999236315,
            "min": -0.5023749999236315,
            "max": -0.5023749999236315,
            "count": 1
        },
        "FighterAIAgent.Policy.CuriosityReward.mean": {
            "value": 0.0,
            "min": 0.0,
            "max": 0.0,
            "count": 1
        },
        "FighterAIAgent.IsTraining.mean": {
            "value": 1.0,
            "min": 1.0,
            "max": 1.0,
            "count": 1
        }
    },
    "metadata": {
        "timer_format_version": "0.1.0",
        "start_time_seconds": "1614764664",
        "python_version": "3.7.9 (tags/v3.7.9:13c94747c7, Aug 17 2020, 18:58:18) [MSC v.1900 64 bit (AMD64)]",
        "command_line_arguments": "C:\\Users\\IesaW\\Fighter\\venv\\Scripts\\mlagents-learn config\\FighterAI.yaml --run-id TestParams --resume",
        "mlagents_version": "0.23.0",
        "mlagents_envs_version": "0.23.0",
        "communication_protocol_version": "1.3.0",
        "pytorch_version": "1.7.0+cu110",
        "numpy_version": "1.18.5",
        "end_time_seconds": "1614764872"
    },
    "total": 208.2335593,
    "count": 1,
    "self": 0.007617699999997285,
    "children": {
        "run_training.setup": {
            "total": 0.01454589999999989,
            "count": 1,
            "self": 0.01454589999999989
        },
        "TrainerController.start_learning": {
            "total": 208.2113957,
            "count": 1,
            "self": 0.24564310000059209,
            "children": {
                "TrainerController._reset_env": {
                    "total": 10.4543144,
                    "count": 1,
                    "self": 10.4543144
                },
                "TrainerController.advance": {
                    "total": 197.29916369999944,
                    "count": 8106,
                    "self": 0.11124369999959072,
                    "children": {
                        "env_step": {
                            "total": 197.18791999999985,
                            "count": 8106,
                            "self": 59.438513999999685,
                            "children": {
                                "SubprocessEnvManager._take_step": {
                                    "total": 137.63239720000115,
                                    "count": 8106,
                                    "self": 1.0772978000039473,
                                    "children": {
                                        "TorchPolicy.evaluate": {
                                            "total": 136.5550993999972,
                                            "count": 15962,
                                            "self": 15.765169699998665,
                                            "children": {
                                                "TorchPolicy.sample_actions": {
                                                    "total": 120.78992969999854,
                                                    "count": 15962,
                                                    "self": 120.78992969999854
                                                }
                                            }
                                        }
                                    }
                                },
                                "workers": {
                                    "total": 0.11700879999902547,
                                    "count": 8105,
                                    "self": 0.0,
                                    "children": {
                                        "worker_root": {
                                            "total": 198.63195750000057,
                                            "count": 8105,
                                            "is_parallel": true,
                                            "self": 149.4879137000017,
                                            "children": {
                                                "steps_from_proto": {
                                                    "total": 0.0007278000000017215,
                                                    "count": 2,
                                                    "is_parallel": true,
                                                    "self": 0.00037030000000193297,
                                                    "children": {
                                                        "_process_vector_observation": {
                                                            "total": 0.00035749999999978854,
                                                            "count": 4,
                                                            "is_parallel": true,
                                                            "self": 0.00035749999999978854
                                                        }
                                                    }
                                                },
                                                "UnityEnvironment.step": {
                                                    "total": 49.14331599999885,
                                                    "count": 8105,
                                                    "is_parallel": true,
                                                    "self": 0.953555199999812,
                                                    "children": {
                                                        "UnityEnvironment._generate_step_input": {
                                                            "total": 0.9164080999997033,
                                                            "count": 8105,
                                                            "is_parallel": true,
                                                            "self": 0.9164080999997033
                                                        },
                                                        "communicator.exchange": {
                                                            "total": 43.21584450000065,
                                                            "count": 8105,
                                                            "is_parallel": true,
                                                            "self": 43.21584450000065
                                                        },
                                                        "steps_from_proto": {
                                                            "total": 4.057508199998681,
                                                            "count": 16210,
                                                            "is_parallel": true,