{
    "name": "root",
    "metadata": {
        "timer_format_version": "0.1.0",
        "start_time_seconds": "1614868849",
        "python_version": "3.7.9 (tags/v3.7.9:13c94747c7, Aug 17 2020, 18:58:18) [MSC v.1900 64 bit (AMD64)]",
        "command_line_arguments": "C:\\Users\\IesaW\\Fighter\\venv\\Scripts\\mlagents-learn config\\FighterAI.yaml --run-id=TestParams --resume",
        "mlagents_version": "0.23.0",
        "mlagents_envs_version": "0.23.0",
        "communication_protocol_version": "1.3.0",
        "pytorch_version": "1.7.0+cu110",
        "numpy_version": "1.18.5",
        "end_time_seconds": "1614868889"
    },
    "total": 39.9956049,
    "count": 1,
    "self": 0.009626999999994723,
    "children": {
        "run_training.setup": {
            "total": 0.0174624000000001,
            "count": 1,
            "self": 0.0174624000000001
        },
        "TrainerController.start_learning": {
            "total": 39.9685155,
            "count": 1,
            "self": 0.010137599999957558,
            "children": {
                "TrainerController._reset_env": {
                    "total": 34.9971946,
                    "count": 2,
                    "self": 34.9971946
                },
                "TrainerController.advance": {
                    "total": 4.701265300000053,
                    "count": 110,
                    "self": 0.0016725000000334944,
                    "children": {
                        "env_step": {
                            "total": 4.699592800000019,
                            "count": 110,
                            "self": 2.0660105999999345,
                            "children": {
                                "SubprocessEnvManager._take_step": {
                                    "total": 2.6319538000000264,
                                    "count": 110,
                                    "self": 0.020393400000045858,
                                    "children": {
                                        "TorchPolicy.evaluate": {
                                            "total": 2.6115603999999806,
                                            "count": 220,
                                            "self": 0.2865885999999733,
                                            "children": {
                                                "TorchPolicy.sample_actions": {
                                                    "total": 2.3249718000000072,
                                                    "count": 220,
                                                    "self": 2.3249718000000072
                                                }
                                            }
                                        }
                                    }
                                },
                                "workers": {
                                    "total": 0.00162840000005815,
                                    "count": 109,
                                    "self": 0.0,
                                    "children": {
                                        "worker_root": {
                                            "total": 6.406073299999939,
                                            "count": 109,
                                            "is_parallel": true,
                                            "self": 4.526833399999994,
                                            "children": {
                                                "steps_from_proto": {
                                                    "total": 0.0013134999999948604,
                                                    "count": 4,
                                                    "is_parallel": true,
                                                    "self": 0.0006932999999946787,
                                                    "children": {
                                                        "_process_vector_observation": {
                                                            "total": 0.0006202000000001817,
                                                            "count": 8,
                                                            "is_parallel": true,
                                                            "self": 0.0006202000000001817
                                                        }
                                                    }
                                                },
                                                "UnityEnvironment.step": {
                                                    "total": 1.87792639999995,
                                                    "count": 109,
                                                    "is_parallel": true,
                                                    "self": 0.01494039999992225,
                                                    "children": {
                                                        "UnityEnvironment._generate_step_input": {
                                                            "total": 0.014421000000020001,
                                                            "count": 109,
                                                            "is_parallel": true,
                                                            "self": 0.014421000000020001
                                                        },
                                                        "communicator.exchange": {
                                                            "total": 1.788554399999974,
                                                            "count": 109,
                                                            "is_parallel": true,
                                                            "self": 1.788554399999974
                                                        },
                                                        "steps_from_proto": {
                                                            "total": 0.060010600000033776,
                                                            "count": 218,
                                                            "is_parallel": true,
                                                            "self": 0.03053370000003497,
                                                            "children": {
                                                                "_process_vector_observation": {
                                                                    "total": 0.029476899999998807,
                                                                    "count": 436,
                                                                    "is_parallel": true,
                                                                    "self": 0.029476899999998807
                                                                }
                                                            }
                                                        }
                                                    }
                                                }
                                            }
                                        }
                                    }
                                }
                            }
                        }
                    }
                },
                "trainer_threads": {
                    "total": 2.3299999995174403e-05,
                    "count": 1,
                    "self": 2.3299999995174403e-05,
                    "children": {
                        "thread_root": {
                            "total": 0.0,
                            "count": 0,
                            "is_parallel": true,
                            "self": 0.0,
                            "children": {
                                "trainer_advance": {
                                    "total": 4.71880149999992,